{"0": {"gfccs385": 0.031064908163676751, "gfccs145": 0.032321283982699192, "gfccs156": 0.043778681427466021, "chroma15": 0.049359933029633818, "chroma14": 0.40983268529126105, "chroma13": 0.077213680530895168, "chroma12": 0.12836777722717507, "gfccs90": 0.023249486497714997, "gfccs31": 0.023108525950104302, "chroma19": 0.12563902711464858}, "1": {"gfccs141": 0.067654955424724078, "gfccs142": 0.061972865125856029, "chroma19": 0.089610831582135897, "chroma15": 0.13669159279674709, "chroma17": 0.061523810546990389, "chroma10": 0.078253586410514164, "chroma13": 0.092887091019720244, "gfccs94": 0.06587696399587116, "chroma18": 0.053061364152057477, "gfccs35": 0.040875889741879119}, "2": {"gfccs159": 0.042531104451760754, "gfccs419": 0.048052467993329497, "gfccs267": 0.093304479145013566, "chroma15": 0.18428241965346137, "chroma17": 0.045323788539047394, "gfccs470": 0.075759534694640238, "gfccs370": 0.061916228652351697, "chroma12": 0.050831145247545388, "gfccs32": 0.11396330622394948, "chroma10": 0.060344227244884259}, "3": {"gfccs61": 0.013667281886001642, "beat_coefs168": 0.0021288126640191126, "gfccs260": 0.018129300100441399, "chroma15": 0.0073884006460531171, "chroma17": 0.069838309632138301, "chroma11": 0.47871373977224363, "chroma10": 0.0045206881678810963, "chroma13": 0.33384460005137967, "chroma19": 0.042813375310568801, "gfccs378": 0.027886220911602581}, "4": {"gfccs384": 0.054436470554402448, "gfccs414": 0.1123751384677549, "gfccs195": 0.014853051970627973, "gfccs153": 0.056111467530788037, "chroma17": 0.18529851731538852, "chroma16": 0.21593756550325333, "chroma10": 0.11845617903352151, "chroma19": 0.035546635242103698, "chroma18": 0.15834119138726094, "gfccs378": 0.024516466153096855}, "5": {"gfccs144": 0.009555664565071155, "gfccs474": 0.012151991857309433, "gfccs195": 0.0099183248396478713, "chroma14": 0.073014506853399566, "gfccs374": 0.038522722439567988, "gfccs375": 0.0088516513799447756, "chroma10": 0.038457624910646984, "gfccs464": 0.021745004535852666, "chroma12": 0.73226937539915615, "gfccs91": 0.05371999876716213}, "6": {"gfccs192": 0.060135570102634761, "chroma15": 0.053702679874441266, "gfccs386": 0.04946728128912585, "gfccs198": 0.09457342636108837, "gfccs150": 0.16053511805876208, "gfccs376": 0.073127254982520984, "chroma14": 0.051848131261072378, "chroma16": 0.054304149963509421, "chroma12": 0.15716089967913555, "gfccs469": 0.073708907896085959}, "7": {"gfccs191": 0.025721737288910449, "gfccs64": 0.037155983931413769, "chroma15": 0.16907615495332673, "chroma14": 0.02795245406219142, "chroma17": 0.05710432847032243, "chroma16": 0.045138935688438804, "chroma10": 0.077225347372393852, "chroma13": 0.033528926623822827, "chroma19": 0.17045664697358595, "chroma18": 0.049280051555715347}, "8": {"gfccs265": 0.66680802833669994, "beat_coefs169": 8.5741504349483255e-08, "gfccs66": 0.00056812488185891655, "beat_coefs131": 1.0516707531864315e-05, "chroma17": 0.097590986291779397, "chroma16": 0.059858250032972751, "chroma10": 0.078834051717267872, "chroma13": 0.018566250967497984, "chroma19": 0.023364520981209485, "chroma18": 0.05439574243805425}, "9": {"gfccs140": 0.023124507457362317, "gfccs190": 0.025559091383255787, "gfccs154": 0.051322815409440857, "chroma15": 0.14889287128613551, "gfccs463": 0.063203830373233308, "chroma16": 0.028151050848628588, "gfccs471": 0.034494951574755364, "chroma12": 0.13503155346312179, "chroma19": 0.3570256750330007, "gfccs95": 0.064707900996814588}}